<?xml version="1.0" encoding="UTF-8"?>
<root>
  <item name="com.roughike.bottombar.scrollsweetness.BottomNavigationBehavior boolean onNestedDirectionFling(android.support.design.widget.CoordinatorLayout, V, android.view.View, float, float, int) 5">
    <annotation name="android.support.annotation.IntDef">
      <val name="value" val="{com.roughike.bottombar.scrollsweetness.VerticalScrollingBehavior.ScrollDirection.SCROLL_DIRECTION_UP, com.roughike.bottombar.scrollsweetness.VerticalScrollingBehavior.ScrollDirection.SCROLL_DIRECTION_DOWN}" />
    </annotation>
  </item>
  <item name="com.roughike.bottombar.scrollsweetness.BottomNavigationBehavior void onDirectionNestedPreScroll(android.support.design.widget.CoordinatorLayout, V, android.view.View, int, int, int[], int) 6">
    <annotation name="android.support.annotation.IntDef">
      <val name="value" val="{com.roughike.bottombar.scrollsweetness.VerticalScrollingBehavior.ScrollDirection.SCROLL_DIRECTION_UP, com.roughike.bottombar.scrollsweetness.VerticalScrollingBehavior.ScrollDirection.SCROLL_DIRECTION_DOWN}" />
    </annotation>
  </item>
  <item name="com.roughike.bottombar.scrollsweetness.BottomNavigationBehavior void onNestedVerticalOverScroll(android.support.design.widget.CoordinatorLayout, V, int, int, int) 2">
    <annotation name="android.support.annotation.IntDef">
      <val name="value" val="{com.roughike.bottombar.scrollsweetness.VerticalScrollingBehavior.ScrollDirection.SCROLL_DIRECTION_UP, com.roughike.bottombar.scrollsweetness.VerticalScrollingBehavior.ScrollDirection.SCROLL_DIRECTION_DOWN}" />
    </annotation>
  </item>
  <item name="com.roughike.bottombar.scrollsweetness.VerticalScrollingBehavior boolean onNestedDirectionFling(android.support.design.widget.CoordinatorLayout, V, android.view.View, float, float, int) 5">
    <annotation name="android.support.annotation.IntDef">
      <val name="value" val="{com.roughike.bottombar.scrollsweetness.VerticalScrollingBehavior.ScrollDirection.SCROLL_DIRECTION_UP, com.roughike.bottombar.scrollsweetness.VerticalScrollingBehavior.ScrollDirection.SCROLL_DIRECTION_DOWN}" />
    </annotation>
  </item>
  <item name="com.roughike.bottombar.scrollsweetness.VerticalScrollingBehavior int getOverScrollDirection()">
    <annotation name="android.support.annotation.IntDef">
      <val name="value" val="{com.roughike.bottombar.scrollsweetness.VerticalScrollingBehavior.ScrollDirection.SCROLL_DIRECTION_UP, com.roughike.bottombar.scrollsweetness.VerticalScrollingBehavior.ScrollDirection.SCROLL_DIRECTION_DOWN}" />
    </annotation>
  </item>
  <item name="com.roughike.bottombar.scrollsweetness.VerticalScrollingBehavior int getScrollDirection()">
    <annotation name="android.support.annotation.IntDef">
      <val name="value" val="{com.roughike.bottombar.scrollsweetness.VerticalScrollingBehavior.ScrollDirection.SCROLL_DIRECTION_UP, com.roughike.bottombar.scrollsweetness.VerticalScrollingBehavior.ScrollDirection.SCROLL_DIRECTION_DOWN}" />
    </annotation>
  </item>
  <item name="com.roughike.bottombar.scrollsweetness.VerticalScrollingBehavior mOverScrollDirection">
    <annotation name="android.support.annotation.IntDef">
      <val name="value" val="{com.roughike.bottombar.scrollsweetness.VerticalScrollingBehavior.ScrollDirection.SCROLL_DIRECTION_UP, com.roughike.bottombar.scrollsweetness.VerticalScrollingBehavior.ScrollDirection.SCROLL_DIRECTION_DOWN}" />
    </annotation>
  </item>
  <item name="com.roughike.bottombar.scrollsweetness.VerticalScrollingBehavior mScrollDirection">
    <annotation name="android.support.annotation.IntDef">
      <val name="value" val="{com.roughike.bottombar.scrollsweetness.VerticalScrollingBehavior.ScrollDirection.SCROLL_DIRECTION_UP, com.roughike.bottombar.scrollsweetness.VerticalScrollingBehavior.ScrollDirection.SCROLL_DIRECTION_DOWN}" />
    </annotation>
  </item>
  <item name="com.roughike.bottombar.scrollsweetness.VerticalScrollingBehavior void onDirectionNestedPreScroll(android.support.design.widget.CoordinatorLayout, V, android.view.View, int, int, int[], int) 6">
    <annotation name="android.support.annotation.IntDef">
      <val name="value" val="{com.roughike.bottombar.scrollsweetness.VerticalScrollingBehavior.ScrollDirection.SCROLL_DIRECTION_UP, com.roughike.bottombar.scrollsweetness.VerticalScrollingBehavior.ScrollDirection.SCROLL_DIRECTION_DOWN}" />
    </annotation>
  </item>
  <item name="com.roughike.bottombar.scrollsweetness.VerticalScrollingBehavior void onNestedVerticalOverScroll(android.support.design.widget.CoordinatorLayout, V, int, int, int) 2">
    <annotation name="android.support.annotation.IntDef">
      <val name="value" val="{com.roughike.bottombar.scrollsweetness.VerticalScrollingBehavior.ScrollDirection.SCROLL_DIRECTION_UP, com.roughike.bottombar.scrollsweetness.VerticalScrollingBehavior.ScrollDirection.SCROLL_DIRECTION_DOWN}" />
    </annotation>
  </item>
  <item name="com.roughike.bottombar.scrollsweetness.VerticalScrollingBehavior.ScrollDirection">
    <annotation name="android.support.annotation.IntDef">
      <val name="value" val="{com.roughike.bottombar.scrollsweetness.VerticalScrollingBehavior.ScrollDirection.SCROLL_DIRECTION_UP, com.roughike.bottombar.scrollsweetness.VerticalScrollingBehavior.ScrollDirection.SCROLL_DIRECTION_DOWN}" />
    </annotation>
  </item>
</root>

